k,Precisión,Cumple assert
1,0.8666666666666667,False
2,0.8666666666666667,False
3,0.8666666666666667,False
4,0.8666666666666667,False
5,0.9,True
6,0.9333333333333333,True
7,0.9333333333333333,True
8,0.9333333333333333,True
9,0.9,True
