k,Precision,Cumple assert
1,0.833333,0
2,0.733333,0
3,0.766667,0
4,0.766667,0
5,0.8,0
6,0.766667,0
7,0.8,0
8,0.766667,0
9,0.766667,0
10,0.766667,0
